"email","password","name","description","active","total_transaction_sum"
"0test@test.test","$2a$12$UV9/SOcfiRRxZyMB/cTWFu55I44wn9ulMGEP/ogJiwo9dWbe.7bUK","","","",""
"1test@test.test","$2a$12$p.sUqLRKxRD5si6TOr739eFypqs1bCMdbNZsSAHu5yA/TLmrB9uTy","","","",""
"2test@test.test","$2a$12$bIEYvK5NBauSo7UVMYtfGuheeuj8FHLCaJ2yOUqm5z1yaeg5wmXkm","","","",""
"3test@test.test","$2a$12$OYaPeC7h7a6D9Zfq.mKRm..6rM/tbpNE/i26uJi2VVC9fN7ylUddq","merchant 3","description 3","false","3"
"4test@test.test","$2a$12$YRdqiou5E5miiZdvj4Ea8O.5bIJ9YOT767CyKHsBtHjCoDZy0foFm","","","",""
"5test@test.test","$2a$12$1dyIOHaOtsw7PHBMkfDnuemauvu7yI4wDTSy4G.1P4tRVvsSRMtki","","","",""
"6test@test.test","$2a$12$90D3XUnnpDr6nLLWB1yWDu/AMNDBHuVW1XdOWfMUhFmbedfJfpG6m","","","",""
"7test@test.test","$2a$12$uEEhlvNbsZc770vNwxv9zukPY1PI3Q4H68mzxiHQRgmSAhTwqof8W","merchant 7","description 7","false","7"
"8test@test.test","$2a$12$bEU//GHK0gmcuS/NsWnJyOhy6hFqDsi17A21k7CQ5MgFfDsOHqVUm","","","",""
"9test@test.test","$2a$12$.V9ldWsFK.L5AQMGCUTopO7bt2ZypEoT6oa5WLLC9oT8/oriDyL46","merchant 9","description 9","false","9"
"10test@test.test","$2a$12$nq4BBqZJ7/hiLY98xtOfouE97GPnYw2xw8H/8DHn8/W7DWB/96BxC","merchant 10","description 10","false","10"
"11test@test.test","$2a$12$pv9AReoNYIovV9bz7IP5yuYHAuQO8RtJwHFN7s7R2PyssFN3AP2yO","merchant 11","description 11","true","11"
"12test@test.test","$2a$12$v8PsVBvZKAG3kPqJpql1yOBno6TkSwZWEIOS64R0GKv214T7ZUlHm","merchant 12","description 12","false","12"
"13test@test.test","$2a$12$2xSG9nOPf/NKlJzntxH0HOt4TIqezsT5xaNgSqoF1QeFGy7g5KwB.","merchant 13","description 13","false","13"
"14test@test.test","$2a$12$LB.CB.CYyIvn2rAc5kq6cuc8rNfKtt.R31hcFnM89pS8RgDqf4Y1a","merchant 14","description 14","true","14"
"15test@test.test","$2a$12$tEBClHihEdf.20YIfMy.OenEgznQUQ3noclp.emgZSMqcDvDEZMRu","merchant 15","description 15","true","15"
"16test@test.test","$2a$12$e/pEBhE2BHg8VWM/UbNsMOFDvUds5Zz771tvQlPIzft0labqCO2Ge","","","",""
"17test@test.test","$2a$12$PTwGEKFiV2Cb8aQEnB1Gq.fuMD5nKfhepDlSLRDTGd2/BHf6mdwQi","merchant 17","description 17","true","17"
"18test@test.test","$2a$12$DV5anSfQ1QL7itnVn52K2.Uk.AatNkLWkajtPYQM3PCg2DA6XKI6K","","","",""
"19test@test.test","$2a$12$eU6oG3X7OLZVE9BlsbD.1eHqjUfQydX6snLXRrX8oK8WOFzQKydpS","merchant 19","description 19","false","19"
"20test@test.test","$2a$12$Tu/jbwVA3bChtBIqQm888OGS5UXvxTLHPsOhV1xeo44.BNLZMKNM6","","","",""
"21test@test.test","$2a$12$FFZ8cuqvx/eOyxJ1kxhdQ.8mUR6jPjD7qh1WBdh28kHM2JRNOnoUO","merchant 21","description 21","true","21"
"22test@test.test","$2a$12$7cEM1yA75GlBa8H0NXXGt.a.EcJDN8c.MlO7hJgDmSXr94.qJEKW.","merchant 22","description 22","false","22"
"23test@test.test","$2a$12$VHAFUgZVUv7IKoStAmVpGu.CsV4iWlU/G4iYlaa7IB37kki5pstdK","merchant 23","description 23","true","23"
"24test@test.test","$2a$12$nb4JZWiTeBYELpMX6dF4YuFXb042OhsShvjNhKmvjP3uub0Y8ow2O","merchant 24","description 24","true","24"
"25test@test.test","$2a$12$tlSnV22Ai5SBX7JT3pTMhOZN2nlquG0yqgvbx0EuoxS69U4ExOvhC","","","",""
"26test@test.test","$2a$12$aBh3twvSon2thkuMurecQ.zbjNljophrSinxBYyDNxF5LlPkmn/Ya","","","",""
"27test@test.test","$2a$12$/3XILxih82nIDPLQjbgy6OQu55kni9eGo6qPHbDgMVj3k4kU/0xhi","merchant 27","description 27","false","27"
"28test@test.test","$2a$12$ip1lqyMiXfuO1kx9uwVRleV.SYJWJpII7RQV2xT9EKIJn4o9lvF1u","merchant 28","description 28","false","28"
"29test@test.test","$2a$12$5H7ycoutlN29pgTRH2cDSeWjtGB5ZdwriaosIPJXZsjzXhMVI77Sm","merchant 29","description 29","false","29"
"30test@test.test","$2a$12$QOuwdOMkEHue4I3a5CkNU.TwNxW/Id7NCkCp3gja4yBFE2bqmfdHW","merchant 30","description 30","false","30"
"31test@test.test","$2a$12$VDk7Xe/h4/E3ptDsB5XZWOLHcb7estRWYE5lG1poS5AE/rYCz1FeO","merchant 31","description 31","false","31"
"32test@test.test","$2a$12$gc2wC1N0iEIx1HVS1N41Y.1BmQMFdNoBASEzIs4VgqOd6JNJ38AVC","","","",""
"33test@test.test","$2a$12$9sBrbFLYqna9I5SbMJzWCOT4S1/96tmLCtD30FAw0xDykfvkdZKui","","","",""
"34test@test.test","$2a$12$ARQv5V35YSwEd8f3WObPz.HIKmoo.K/cYyAmfGBwLWcDwZ0NLS7BG","merchant 34","description 34","false","34"
"35test@test.test","$2a$12$cD7wbmNWuxDX7tVZz0bIzuBSJyAFstKMVbHftM7o8rnuYHWo/uUsG","merchant 35","description 35","false","35"
"36test@test.test","$2a$12$Sxkmqtxz16feEGfag/FtjeI271R63k5HpgGJvuIIkwIe.ECb1cb9O","","","",""
"37test@test.test","$2a$12$R4AzAb6oHd9iIUL4K4KKyujeqOnmATkqIrWXkcBDCQM/RfeXoCuFe","merchant 37","description 37","false","37"
"38test@test.test","$2a$12$4XAl6TZDwM99wN6ZRrptH.WotKsQO0OJCUvR9jYhyvO63S.6ti3vO","merchant 38","description 38","false","38"
"39test@test.test","$2a$12$c5ZgkaN7lW1SaoetYzWXXeGMZSASSm0z/WXNQwyLCeAjl/ynldsPW","","","",""
"40test@test.test","$2a$12$lequEisiYcM2/uNYulnENel9q6AYGi/yWGV5.gn2v1gSQ77LmaAWm","merchant 40","description 40","false","40"
"41test@test.test","$2a$12$IhkItTFy7bTyMvh2d1Yig.5hjPtKsRx.fB9.bB4HKfLyvNwJOvjvW","","","",""
"42test@test.test","$2a$12$vK.sd05j0NTzpNxWScRKtu.tz0RjnpvhLkEyuG7M/V0TLyjFyqEa6","merchant 42","description 42","false","42"
"43test@test.test","$2a$12$ckZDY3LKRVL1VelLQJ/0deg0ltyX7MS9c2Ul31DilIw2vGf/HVVhS","","","",""
"44test@test.test","$2a$12$VAIjfSMlEq8ke.Xas.KkXeQiLfXvoiYh3Gl/WMg77dVbqzAUHKtpy","","","",""
"45test@test.test","$2a$12$7HEqvUssI0591awQN6piB.Yog2GO4pfPWUfmpkcpT9eSLgLmF.ACW","","","",""
"46test@test.test","$2a$12$jg60/Qu8v/sDfsr6h.v8Y.uds2T3PVUFBP8vl298XfvN2A5Cj0Vgq","","","",""
"47test@test.test","$2a$12$KFWkZTxDgs9q7uZ4FamZKuEieasOI6NfxeHB2MQrFfCAW2oWZYXJ.","merchant 47","description 47","true","47"
"48test@test.test","$2a$12$vYBGZ7LmtGvIj3Gprkpnf.4L2AIFSF4LmS7h.lX0TBOKqLlIw51Ii","","","",""
"49test@test.test","$2a$12$U8oWG2.sdwBlap/YCRE9p.xtMN/5hN60v.3QgdY1vAlIcdNDHGeXu","","","",""
"50test@test.test","$2a$12$Ha6g/0gUOS7.WkuELwxOFuyToXj3FfCQ1DXi8pQCi1IF6rsGEFuwK","merchant 50","description 50","true","50"
"51test@test.test","$2a$12$Fu9K3rS46GuYc3yhrmmk2OQMFL7gq1HzrZmLks37XwIMloufahaFW","","","",""
"52test@test.test","$2a$12$MOdAfNIrP8AC0n20yW5gb.oefqSUKKZso6R0bAxIlv3TCOWkPv7Du","","","",""
"53test@test.test","$2a$12$L/uNofEAnUaiUL9j2GMKx.YM1ds2j2xIXsfBtKy505VAXKw8LGr5O","","","",""
"54test@test.test","$2a$12$dpDHDo/gQNOkC34s0t/ai.9OzuUqtiztVAF/ZKtOkagDMl0yxZI1e","merchant 54","description 54","false","54"
"55test@test.test","$2a$12$bbM88ebLzrveEhk/jJQUoea7gCANfV9FkIugvBVbh/e9lgZbg6FBu","","","",""
"56test@test.test","$2a$12$yFh4VVXRZUvhPhYhRwm5HebwKmBZ56qEjTyJosCe0dDUtPXidg3/m","merchant 56","description 56","false","56"
"57test@test.test","$2a$12$WPQZFFt14qoBUNOeC1voHeQvHgEmhtWNEfpD5GVf0BEh0Jv0Rsgyi","merchant 57","description 57","true","57"
"58test@test.test","$2a$12$3MbCl/lem78hIQ9QQ2RpWuf3nuMVJ9SyQ51Or/prLWJbEi7rO0O5G","merchant 58","description 58","true","58"
"59test@test.test","$2a$12$wtfDCwP9RoAnSC6K0.DByePZk/xuBU676mCd0uiKAnUWmgti2r3Re","merchant 59","description 59","false","59"
"60test@test.test","$2a$12$Xtp2mZSJET2ttxPhkCwE9eO45y6N0i9lP1ej40bJEdzNitC9YbFba","","","",""
"61test@test.test","$2a$12$bInYYwTESMNZIyVtQ83.RuP0QNnM0taH0pIkeeGop7cHT1fHQdoli","","","",""
"62test@test.test","$2a$12$n9Q3z2vCLM4SFvoXKvL1J.PwfUHKpGByo49IIWbClehNOP7WQFVuS","merchant 62","description 62","false","62"
"63test@test.test","$2a$12$rzUZ6H.Qm1ih1HjHCS5fjeLd9/DU4QWkt3bAh833SGurSPWxm8be.","","","",""
"64test@test.test","$2a$12$rdLH7Kr2rbCwNtZvvoiYI.eH2R2bvzQEb4X2RO5iNIsEurh8AF5m.","","","",""
"65test@test.test","$2a$12$BySlTtRAKVe5Nh5P/nWgU.NiwfQl4d1Y0n2p9nK0dT0JC4tYVa2NW","","","",""
"66test@test.test","$2a$12$l0shyyLd8/m7c7TpYPxRH.H9wj.ZlMHkbDSn9l9.8CD2YcIA9Hx.2","","","",""
"67test@test.test","$2a$12$tCTpUXiZdRY/pr1Bi.hSO.Xch1HHCc96rdNLjHY9eDo3L3EszqROO","","","",""
"68test@test.test","$2a$12$dqojfk7zKS8Hwy9x8RUxSeB/XEjEnFJHjyhpFTcaMS/xIRUIWXgsG","","","",""
"69test@test.test","$2a$12$Sz5V8gwJF1b7OnOYTri4huAqMQQ18t9MPZY5OXbhpzggPVo6BFCWW","merchant 69","description 69","false","69"
"70test@test.test","$2a$12$BVP8FzpMPV8l2TcXqJlWiOfG6KTry.lNstOjfzCc.96o.Cjc/HapS","","","",""
"71test@test.test","$2a$12$ZKRQb9rXyD33QN1b5SCtAOVnygrgcoihMDpaEJm5kDPMNnXUFLY9.","","","",""
"72test@test.test","$2a$12$P1Tw3TQ.pibXFoBHpc34zuqbmZumXjlsl0W01Z42wsybupCm7kALy","","","",""
"73test@test.test","$2a$12$rRoY3o3.R9gVrPez1RHy0OOa0LK29cEXj/OEmtR3iQtN8odJFYosu","","","",""
"74test@test.test","$2a$12$pncnmv1n9p/DyAgDIpiS2ONQTF7ijhbLQFO92.AJYUFFwKfohM4/C","merchant 74","description 74","true","74"
"75test@test.test","$2a$12$oZb4hJJQ/X/QyYu5H9JpPOyBPkmHpk.Il7l6Ehol6lVbW3ivGZ4Ki","merchant 75","description 75","false","75"
"76test@test.test","$2a$12$Afv/zUMdVYhUTeDmZTzR1eDYKqOp.LGgejmVi1Y4ErmJCsDlKhqH6","","","",""
"77test@test.test","$2a$12$FeJPIqDTAv9ZWP7UsWY4cegFMx6fOlJHGSwaG5JVnkpIa5JUPGhiu","merchant 77","description 77","false","77"
"78test@test.test","$2a$12$.vwbr47Ki0a.PqAdZIGOr.pZ.C.Y4lX9wVL6VTNt44t749I2R85Ma","","","",""
"79test@test.test","$2a$12$NMYtgIh6Sf8.MlusMLrtROwCUtgmdP5RHtyRCkX.RHkxuS0mU4Gdi","","","",""
"80test@test.test","$2a$12$GYC9K03iUjHBa1NJN3mLbuLQ/7NDlZdId1MCOgOecawn5j4WAkJn6","","","",""
"81test@test.test","$2a$12$DjB9guAsXDyd3SwFDmYe8e2NiqdNeUbuR7k9B4g8DQF1edod0mqze","","","",""
"82test@test.test","$2a$12$j3vRkgrQ7pROBFrL1jkGc.vroUlRr342TsAbDWmSJ3gYrggun7YPm","","","",""
"83test@test.test","$2a$12$2CVoO/5ggefoeDIK.xviHuylAYIN3JqZ4PEATjAtoK8gUvLdIFQQ.","","","",""
"84test@test.test","$2a$12$HBRc2rxfL/SJXgTp4qLtB.TUTKcVmeVzTVmrIRTrqJSe1dAOkgFp6","merchant 84","description 84","true","84"
"85test@test.test","$2a$12$8YIaqCqiV7Gx9Uf8NndbWO736zY4KCxxy6qtyNbx2fJkW1Qg5JNAK","merchant 85","description 85","false","85"
"86test@test.test","$2a$12$R/z/SxMAiYnvqmzySvP.Oe6WJN0Exbid2LbBoCsFV7DPKHnYrbkZO","","","",""
"87test@test.test","$2a$12$oDga7CtMFf6ujbV//lZh.uCZbP2nIcRnX9S4bLaiO5.jNrcpFDzAm","","","",""
"88test@test.test","$2a$12$rDkLU9nWZnGHYjdollf2x.k0r2TlJnqpJuP1b.Tfdc9UgiyV5V5pu","merchant 88","description 88","false","88"
"89test@test.test","$2a$12$nOO5ZzWJTHNXR/l.lGAkKesLP3QxYz504SLnC9W3TdOLV0uAihrRa","merchant 89","description 89","false","89"
"90test@test.test","$2a$12$PBj7Dn7gWt3LJDEz.OIrhe5AXrcOYvneJinv3qNAZ1CnhZK3SOi86","","","",""
"91test@test.test","$2a$12$Gt0n.QFevde5y5Z230AaDe0hjIJjuW.v3z5SciInOXaOmVpRIApMe","","","",""
"92test@test.test","$2a$12$4zAl78eXDUnUargpEYIaL./OzTtuQwPXb/zY1TBMMk9xOt23Ic/9S","merchant 92","description 92","true","92"
"93test@test.test","$2a$12$YQ6KCiqCDUCyHLNo89VAj.e3ON90ALaalRup9bZFOVBIMH2J.9jgq","","","",""
"94test@test.test","$2a$12$vB2iBygJSDcAglXQRvoE3epAcHhlNcBx/mRwLWIIUxO1AgkN.2WEK","","","",""
"95test@test.test","$2a$12$nF1WnbgyvzgBJlSVGs0rXePcjhicFowXczXnFoT/FgEQpRMd2rqjq","merchant 95","description 95","true","95"
"96test@test.test","$2a$12$67GipHK0fMyeCbExjBdazO1MwDO54SekObgcjkNFBvs/XhoBLpIOO","","","",""
"97test@test.test","$2a$12$6y5xcZqgw/vL0481dobFG.KRFdj1MuWLVWPonb3Kdbctb9pUPA2Rq","","","",""
"98test@test.test","$2a$12$UdKJs3dWpGi27e0ZycHUPetqJJm6vizEtwhED2bekGDhaWl.Yamcu","","","",""
"99test@test.test","$2a$12$YbWD1W1LcUZgUU1gSL4/Ue29srmOvFq1TzNwjmuZV2cdzgTmrye.a","merchant 99","description 99","true","99"
"100test@test.test","$2a$12$PyTQUjMMButLT1D3.dMOKO6x5cjzht3d4NlRtR7/gSrWXB/lTPjMK","merchant 100","description 100","false","100"
"101test@test.test","$2a$12$k1BwLz8lqilNwcjV6WPnMujGaYduoOaHXcuzga7Oky4.IHW0D.4C.","merchant 101","description 101","false","101"
"102test@test.test","$2a$12$UD/iP2s7.M40SzvslG9g8ebxH7Zk.zC1NGAj..pv6yYPDpEPB1tfS","merchant 102","description 102","true","102"
"103test@test.test","$2a$12$WkFhPpQgBPOubFDFZIxWVeFHizB7Yxg4qU9A1TxqnQHO8qORBS4Nm","merchant 103","description 103","false","103"
"104test@test.test","$2a$12$pWjJTqkS1HFiWtmxofavy.c/mjvJVxXCCTp6LFLnqMJZeis4Gzwf6","merchant 104","description 104","true","104"
"105test@test.test","$2a$12$WGUOwnr/.MPGTVb1HZBoG.f50fb5oqBnVVAAvsoy3sk5pPrgR7yeq","merchant 105","description 105","true","105"
"106test@test.test","$2a$12$59pfn3FR8OKr5d11K8eqsubjTUHlokPX1YQYJs5A/p7xtLvuusPWC","","","",""
"107test@test.test","$2a$12$gA7oP1R6s7VZpXhstI1/tu1NKQffzLQFOsurBuORWjntEmZ7.W5A.","","","",""
"108test@test.test","$2a$12$vWN2qHdKNpXs2iHE8/xjoeF2U4bDHYVRBVKLC.K0J9lQMSXXDSMXS","","","",""
"109test@test.test","$2a$12$looShlrsfgsMDOClQf42EeafWrFQ38xO1097JTzc5cSzPDbGeUYWu","merchant 109","description 109","true","109"
"110test@test.test","$2a$12$nbHYVgFUoCr21IlAwSdOOeGvRgQjb8Y4ShKd7ir4Fvb/f/NWfItp6","","","",""
"111test@test.test","$2a$12$SWgmqw7nXHUI41D4Yz627OAw3IO0tYmBt9RWajfrPGB9xic4Rxt.S","","","",""
"112test@test.test","$2a$12$.1xKWiBQXukGeoQiR5MVzelwmny.kPa8.xu11R6A.oAUYjVl9yYve","","","",""
"113test@test.test","$2a$12$QrxZhC9zOqWQyEIHB81/xOBLevH.kFmDu3RP6OgC1twvbBnQ72.fe","merchant 113","description 113","false","113"
"114test@test.test","$2a$12$jj7ZD/tU7Q1TYGiDAGLKWuHK3Ha02CA7NsszcbkN/rv9b7pjUfb/O","merchant 114","description 114","true","114"
"115test@test.test","$2a$12$fc6SUzeLtLfsg8tcORh8qO/B4/UYG5MXm9ArmqLiy6vKTAw708RAi","merchant 115","description 115","false","115"
"116test@test.test","$2a$12$apghUPDK2xK9yl4cjbtPVOtWLArYL2mdCcACWgFbaNzMUuYTN/t4a","merchant 116","description 116","true","116"
"117test@test.test","$2a$12$xqBV3vV1AkVoxTHysJvHtOpNPoahFevl3y2RvjewGzBpDoW2f4rsO","","","",""
"118test@test.test","$2a$12$yNyE1Z7AW.egSh.Ru57ff.c45ClYJAj5Vmi94OGUDlHmP3A0rjSea","","","",""
"119test@test.test","$2a$12$ySTlFiyt05WrGBMksA3s2ePvh4J2rDjKwdRvm4LW6fZGl8M9bNkI2","merchant 119","description 119","true","119"
"120test@test.test","$2a$12$vvqizQ6hJQ3UW2ikBgxvBOMWqMQi5kMrQMHDxAOnLu135aYjHxlFa","","","",""
"121test@test.test","$2a$12$MxWlUnaO/Pt4sXaz71.SKur9L7ni0oIPp33.AwBPtCmCBuwGG0e7i","merchant 121","description 121","true","121"
"122test@test.test","$2a$12$pP5PNuMO.BLcrKAuswBF4O4PM/HSNhX7WIquSooaMhytn1GHEJFJW","","","",""
"123test@test.test","$2a$12$68sZkHhk9uzG88fOV8Q4s.8WCBbY4U45FYhESNVsb1Q0aAzJW0NQe","merchant 123","description 123","false","123"
"124test@test.test","$2a$12$YNiQGFchHlpy1Ovrxxh52eG2NB3o4uQBw0bH6p8R2jySai/9vtzNG","","","",""
"125test@test.test","$2a$12$PgnRR1zmxfeBU16uyKuSZ.tkSB81vwetIuBM.mpVh8kW4i7RpghWS","merchant 125","description 125","true","125"
"126test@test.test","$2a$12$hZm78IS0Z8Uj.hudI.DYwuAnaf8jRdFp6RNXJOQIGfVayqyDOAP5m","","","",""
"127test@test.test","$2a$12$VKXc7Lozk/2rZ2kWSXYrN.znVG/QT/xhVPXmtWnWXRxrF/GxjmnYC","","","",""
"128test@test.test","$2a$12$JFvzW/rlN3ckBRpiGOxm9Ohsu6CeY5Ch.zkrbjTjYgmfr5nQrfQxe","","","",""
"129test@test.test","$2a$12$EG./xy6.p.BJt21k5VqHLeqtIzc3YYULUBhygR/kMjXACqg1t2Rlm","merchant 129","description 129","false","129"
"130test@test.test","$2a$12$XNIV58E5Fe70L0asW.UuF.rGgj5FtvDUYOYwSmr9Dvj8m.cnTKwdy","","","",""
"131test@test.test","$2a$12$CAYgV5TdlydyetCESCv1d.2.ZqMAORwyuSwByw6hIBRNPRKmtXKlS","","","",""
"132test@test.test","$2a$12$50/ked2e4KrrP/RPjsXuNexgqLRajLHfeK/0YA1CsHYJg.Kd6hnKi","merchant 132","description 132","true","132"
"133test@test.test","$2a$12$dxSY6XKIT9BCm3FUCq8SP.uj7gDItU6krVPnOUpEYxyaZ/tDR3o8a","merchant 133","description 133","false","133"
"134test@test.test","$2a$12$cT.hP4gSjkijLrpTATVMXu3ut2XtY7q0Aa6Wl2W6lqMUBZAbmv2k2","","","",""
"135test@test.test","$2a$12$Ynef1HvpicNSe40w3.v7FuisdFoeOwOc1whIf2wX1zS.XmyXFsr/y","","","",""
"136test@test.test","$2a$12$QZUTnkMdHM4W2QfOwiMppOIM8kc0nvH0/N9tbvK8cU5ZyvQZxLOH2","","","",""
"137test@test.test","$2a$12$hR1cAovB6bt8wu6joYti4.07V9Cf56X9/fr1QV82G9Svn8Xl89TUu","merchant 137","description 137","false","137"
"138test@test.test","$2a$12$3Gl62kVIMExhq5bA.BJPTeYYu9sE0NKqcIX0wRnhlrnNykFKsfUp6","merchant 138","description 138","false","138"
"139test@test.test","$2a$12$WQmfiiOSy7UJB38GA.BpUuQGusUhyMvECvXRpk1zDMfe5ScQFg4/2","","","",""
"140test@test.test","$2a$12$P4r5BYm15qtJcVpemc3rtO/A30kAhlINQr5vH.Bz7Jo73FAvI5ola","","","",""
"141test@test.test","$2a$12$jCrerWGgFV3hIeVxdd3j1Obi7GOI2NYPn5/KGfH.3PMukAV/ZV1jm","","","",""
"142test@test.test","$2a$12$6cjwMdUaMasi2mhKR0tyYuxDr1RZGwnqyn3FkvhPQezX23kk4ixCm","","","",""
"143test@test.test","$2a$12$UHOMpJ2SgEkd0OZ.Q/N9QuAYRuiMROlnKxVV/jPn5Nl2ECz7B9jcm","","","",""
"144test@test.test","$2a$12$HodD8e3Nfpr2zX2gWuvcBOkBgd.znY.yp.ahIEPwNyp7XzVG8mQjK","merchant 144","description 144","true","144"
"145test@test.test","$2a$12$U9JO/3CGJckQXuBt1QbdD.Jsslnxmddm78Wd2soJbD06nnnXRMRLi","","","",""
"146test@test.test","$2a$12$yD24Y0V5fpz.bHDPIPawce5vAcwAeSfmLFmMFs0p/SxpLbRdFlna2","","","",""
"147test@test.test","$2a$12$T7oauiASY/RwE8mepZLOjuPCPAkVtFwehlJw4DFiJggcMsdPvTcca","merchant 147","description 147","true","147"
"148test@test.test","$2a$12$jypC9puhgpnU/t2yoJymAuMKJIl2cZ/A0xmyC7dzWspQN2R/eJrsm","merchant 148","description 148","false","148"
"149test@test.test","$2a$12$A5STgQCsmOEPiNBk5gUjOO0ULkLy6l0x1qtcysrdjU0AAB3wvW/rG","merchant 149","description 149","true","149"
"150test@test.test","$2a$12$.LF/bjI3EDm8ENZspOOvsOyHzA4H707eidxqO1zPA5c/6km2zlnZ2","merchant 150","description 150","true","150"
"151test@test.test","$2a$12$FeQC4UvlaxOUpSyDBq6qPuhp0xju/uwZMxp3YyT04kkrIYhsXWrGe","","","",""
"152test@test.test","$2a$12$wxRYsAiRFWrlwooJ5POGjeFMWefQYneGzxkUTZhiDcoKg5bljRt12","merchant 152","description 152","false","152"
"153test@test.test","$2a$12$b14SLXy9sF.WdJdNYAvy9Ogn.KajZxGr9qU4L.5K2yK2fmwxeEVXu","","","",""
"154test@test.test","$2a$12$ZwjNgUBpvIAF1OCC1FCfp.Ylf6gnQPg8AmtKD9T0kIgU9Cb1z9h/.","merchant 154","description 154","true","154"
"155test@test.test","$2a$12$tdTqDitPWorK4Jy8NY5alOcVEMpId3k/Ni.DEVApIL8wJWPts.EA6","","","",""
"156test@test.test","$2a$12$zJWo40HAf6mbnOcKDwzUeeI2jpemPLj1kmEoBVW5NKcWBstFJlLb6","","","",""
"157test@test.test","$2a$12$uZf/x7jFVuGk15Y/s6ziROKGTB09H0JZJWq44v5pqyaALl/JrlWIK","merchant 157","description 157","false","157"
"158test@test.test","$2a$12$.fH9KZmTwelc3WjyrSvJy.hewbFrz/2JzWm0gr7SlhDaZ7iAhy4i.","merchant 158","description 158","true","158"
"159test@test.test","$2a$12$8C0RCAOWa9NGaCpw7fs41us7dGOvkRCeAGCkgRb41GrizKDDicp.W","","","",""
"160test@test.test","$2a$12$vP3eW9.z1SoOyekeY0xa3.u4Vie06LY6QZPOvSvgEBafCDBecS/r.","merchant 160","description 160","false","160"
"161test@test.test","$2a$12$kUpsWJ23/1yZ4xj7rioekufh2ChsWmlBWdWLCCo7TQsiriTk8zL5.","","","",""
"162test@test.test","$2a$12$1YQa472shIk5MG2TZJzFqO5n1nP2hTb0g6WBnPl8pZfTOWF5S9IzO","","","",""
"163test@test.test","$2a$12$XgdXmxRgzOXPFBTGy9VMV.qgHmv1D9TWr4/3LzsL2w0agfolmouiC","merchant 163","description 163","true","163"
"164test@test.test","$2a$12$/d5vYxQL/0/Qsi9sk9AZD.C.m/U2GfjUqQNdnPZ/GkGNoaMG5dY/y","","","",""
"165test@test.test","$2a$12$mnXDArWcGhTymM2nqpMFwubU0LiOROMLbc.tbmSAQaaIN4GhDWEEa","","","",""
"166test@test.test","$2a$12$HQ4z.oEBiFNDNYshQxVgm.bla1EGwXuGky/oYWaxabU3AID.nP3kG","","","",""
"167test@test.test","$2a$12$NVJyz1c8OKdF03yX8Ddez.k/mAYIwlaJFBtDmfSuAWbm.E/g2xZL2","","","",""